Sensor ID,  X, Y, Z, Feature ID
PT_0000,0.929,0.304,0.102,Floor
PT_0001,0.929,0.633,0.102,Floor
PT_0002,0.929,0.961,0.102,Floor
PT_0003,0.929,1.289,0.102,Floor
PT_0004,0.929,1.618,0.102,Floor
PT_0005,0.929,1.946,0.102,Floor
PT_0006,0.929,2.274,0.102,Floor
PT_0007,0.929,2.603,0.102,Floor
PT_0008,0.929,2.931,0.102,Floor
PT_0009,0.929,3.259,0.102,Floor
PT_0010,0.929,3.588,0.102,Floor
PT_0011,0.929,3.916,0.102,Floor
PT_0012,0.929,4.244,0.102,Floor
PT_0013,0.929,4.572,0.102,Floor
PT_0014,0.929,4.901,0.102,Floor
PT_0015,0.929,5.229,0.102,Floor
PT_0016,0.929,5.557,0.102,Floor
PT_0017,0.929,5.886,0.102,Floor
PT_0018,0.929,6.214,0.102,Floor
PT_0019,0.929,6.542,0.102,Floor
PT_0020,0.929,6.871,0.102,Floor
PT_0021,0.929,7.199,0.102,Floor
PT_0022,0.929,7.527,0.102,Floor
PT_0023,0.929,7.856,0.102,Floor
PT_0024,0.929,8.184,0.102,Floor
PT_0025,0.929,8.512,0.102,Floor
PT_0026,0.929,8.841,0.102,Floor
PT_0027,0.929,9.169,0.102,Floor
PT_0028,0.929,9.497,0.102,Floor
PT_0029,0.929,9.825,0.102,Floor
PT_0030,0.929,10.154,0.102,Floor
PT_0031,1.252,0.304,0.102,Floor
PT_0032,1.252,0.633,0.102,Floor
PT_0033,1.252,0.961,0.102,Floor
PT_0034,1.252,1.289,0.102,Floor
PT_0035,1.252,1.618,0.102,Floor
PT_0036,1.252,1.946,0.102,Floor
PT_0037,1.252,2.274,0.102,Floor
PT_0038,1.252,2.603,0.102,Floor
PT_0039,1.252,2.931,0.102,Floor
PT_0040,1.252,3.259,0.102,Floor
PT_0041,1.252,3.588,0.102,Floor
PT_0042,1.252,3.916,0.102,Floor
PT_0043,1.252,4.244,0.102,Floor
PT_0044,1.252,4.572,0.102,Floor
PT_0045,1.252,4.901,0.102,Floor
PT_0046,1.252,5.229,0.102,Floor
PT_0047,1.252,5.557,0.102,Floor
PT_0048,1.252,5.886,0.102,Floor
PT_0049,1.252,6.214,0.102,Floor
PT_0050,1.252,6.542,0.102,Floor
PT_0051,1.252,6.871,0.102,Floor
PT_0052,1.252,7.199,0.102,Floor
PT_0053,1.252,7.527,0.102,Floor
PT_0054,1.252,7.856,0.102,Floor
PT_0055,1.252,8.184,0.102,Floor
PT_0056,1.252,8.512,0.102,Floor
PT_0057,1.252,8.841,0.102,Floor
PT_0058,1.252,9.169,0.102,Floor
PT_0059,1.252,9.497,0.102,Floor
PT_0060,1.252,9.825,0.102,Floor
PT_0061,1.252,10.154,0.102,Floor
PT_0062,1.576,0.304,0.102,Floor
PT_0063,1.576,0.633,0.102,Floor
PT_0064,1.576,0.961,0.102,Floor
PT_0065,1.576,1.289,0.102,Floor
PT_0066,1.576,1.618,0.102,Floor
PT_0067,1.576,1.946,0.102,Floor
PT_0068,1.576,2.274,0.102,Floor
PT_0069,1.576,2.603,0.102,Floor
PT_0070,1.576,2.931,0.102,Floor
PT_0071,1.576,3.259,0.102,Floor
PT_0072,1.576,3.588,0.102,Floor
PT_0073,1.576,3.916,0.102,Floor
PT_0074,1.576,4.244,0.102,Floor
PT_0075,1.576,4.572,0.102,Floor
PT_0076,1.576,4.901,0.102,Floor
PT_0077,1.576,5.229,0.102,Floor
PT_0078,1.576,5.557,0.102,Floor
PT_0079,1.576,5.886,0.102,Floor
PT_0080,1.576,6.214,0.102,Floor
PT_0081,1.576,6.542,0.102,Floor
PT_0082,1.576,6.871,0.102,Floor
PT_0083,1.576,7.199,0.102,Floor
PT_0084,1.576,7.527,0.102,Floor
PT_0085,1.576,7.856,0.102,Floor
PT_0086,1.576,8.184,0.102,Floor
PT_0087,1.576,8.512,0.102,Floor
PT_0088,1.576,8.841,0.102,Floor
PT_0089,1.576,9.169,0.102,Floor
PT_0090,1.576,9.497,0.102,Floor
PT_0091,1.576,9.825,0.102,Floor
PT_0092,1.576,10.154,0.102,Floor
PT_0093,1.899,0.304,0.102,Floor
PT_0094,1.899,0.633,0.102,Floor
PT_0095,1.899,0.961,0.102,Floor
PT_0096,1.899,1.289,0.102,Floor
PT_0097,1.899,1.618,0.102,Floor
PT_0098,1.899,1.946,0.102,Floor
PT_0099,1.899,2.274,0.102,Floor
PT_0100,1.899,2.603,0.102,Floor
PT_0101,1.899,2.931,0.102,Floor
PT_0102,1.899,3.259,0.102,Floor
PT_0103,1.899,3.588,0.102,Floor
PT_0104,1.899,3.916,0.102,Floor
PT_0105,1.899,4.244,0.102,Floor
PT_0106,1.899,4.572,0.102,Floor
PT_0107,1.899,4.901,0.102,Floor
PT_0108,1.899,5.229,0.102,Floor
PT_0109,1.899,5.557,0.102,Floor
PT_0110,1.899,5.886,0.102,Floor
PT_0111,1.899,6.214,0.102,Floor
PT_0112,1.899,6.542,0.102,Floor
PT_0113,1.899,6.871,0.102,Floor
PT_0114,1.899,7.199,0.102,Floor
PT_0115,1.899,7.527,0.102,Floor
PT_0116,1.899,7.856,0.102,Floor
PT_0117,1.899,8.184,0.102,Floor
PT_0118,1.899,8.512,0.102,Floor
PT_0119,1.899,8.841,0.102,Floor
PT_0120,1.899,9.169,0.102,Floor
PT_0121,1.899,9.497,0.102,Floor
PT_0122,1.899,9.825,0.102,Floor
PT_0123,1.899,10.154,0.102,Floor
PT_0124,2.223,0.304,0.102,Floor
PT_0125,2.223,0.633,0.102,Floor
PT_0126,2.223,0.961,0.102,Floor
PT_0127,2.223,1.289,0.102,Floor
PT_0128,2.223,1.618,0.102,Floor
PT_0129,2.223,9.169,0.102,Floor
PT_0130,2.223,9.497,0.102,Floor
PT_0131,2.223,9.825,0.102,Floor
PT_0132,2.223,10.154,0.102,Floor
PT_0133,2.546,0.304,0.102,Floor
PT_0134,2.546,0.633,0.102,Floor
PT_0135,2.546,0.961,0.102,Floor
PT_0136,2.546,1.289,0.102,Floor
PT_0137,2.546,1.618,0.102,Floor
PT_0138,2.546,9.169,0.102,Floor
PT_0139,2.546,9.497,0.102,Floor
PT_0140,2.546,9.825,0.102,Floor
PT_0141,2.546,10.154,0.102,Floor
PT_0142,2.870,0.304,0.102,Floor
PT_0143,2.870,0.633,0.102,Floor
PT_0144,2.870,0.961,0.102,Floor
PT_0145,2.870,1.289,0.102,Floor
PT_0146,2.870,1.618,0.102,Floor
PT_0147,2.870,9.169,0.102,Floor
PT_0148,2.870,9.497,0.102,Floor
PT_0149,2.870,9.825,0.102,Floor
PT_0150,2.870,10.154,0.102,Floor
PT_0151,3.193,0.304,0.102,Floor
PT_0152,3.193,0.633,0.102,Floor
PT_0153,3.193,0.961,0.102,Floor
PT_0154,3.193,1.289,0.102,Floor
PT_0155,3.193,1.618,0.102,Floor
PT_0156,3.193,9.169,0.102,Floor
PT_0157,3.193,9.497,0.102,Floor
PT_0158,3.193,9.825,0.102,Floor
PT_0159,3.193,10.154,0.102,Floor
PT_0160,3.517,0.304,0.102,Floor
PT_0161,3.517,0.633,0.102,Floor
PT_0162,3.517,0.961,0.102,Floor
PT_0163,3.517,1.289,0.102,Floor
PT_0164,3.517,1.618,0.102,Floor
PT_0165,3.517,1.946,0.102,Floor
PT_0166,3.517,2.274,0.102,Floor
PT_0167,3.517,2.603,0.102,Floor
PT_0168,3.517,2.931,0.102,Floor
PT_0169,3.517,3.259,0.102,Floor
PT_0170,3.517,3.588,0.102,Floor
PT_0171,3.517,3.916,0.102,Floor
PT_0172,3.517,4.244,0.102,Floor
PT_0173,3.517,4.572,0.102,Floor
PT_0174,3.517,4.901,0.102,Floor
PT_0175,3.517,5.229,0.102,Floor
PT_0176,3.517,5.557,0.102,Floor
PT_0177,3.517,5.886,0.102,Floor
PT_0178,3.517,6.214,0.102,Floor
PT_0179,3.517,6.542,0.102,Floor
PT_0180,3.517,6.871,0.102,Floor
PT_0181,3.517,7.199,0.102,Floor
PT_0182,3.517,7.527,0.102,Floor
PT_0183,3.517,7.856,0.102,Floor
PT_0184,3.517,8.184,0.102,Floor
PT_0185,3.517,8.512,0.102,Floor
PT_0186,3.517,8.841,0.102,Floor
PT_0187,3.517,9.169,0.102,Floor
PT_0188,3.517,9.497,0.102,Floor
PT_0189,3.517,9.825,0.102,Floor
PT_0190,3.517,10.154,0.102,Floor
PT_0191,3.840,0.304,0.102,Floor
PT_0192,3.840,0.633,0.102,Floor
PT_0193,3.840,0.961,0.102,Floor
PT_0194,3.840,1.289,0.102,Floor
PT_0195,3.840,1.618,0.102,Floor
PT_0196,3.840,1.946,0.102,Floor
PT_0197,3.840,2.274,0.102,Floor
PT_0198,3.840,2.603,0.102,Floor
PT_0199,3.840,2.931,0.102,Floor
PT_0200,3.840,3.259,0.102,Floor
PT_0201,3.840,3.588,0.102,Floor
PT_0202,3.840,3.916,0.102,Floor
PT_0203,3.840,4.244,0.102,Floor
PT_0204,3.840,4.572,0.102,Floor
PT_0205,3.840,4.901,0.102,Floor
PT_0206,3.840,5.229,0.102,Floor
PT_0207,3.840,5.557,0.102,Floor
PT_0208,3.840,5.886,0.102,Floor
PT_0209,3.840,6.214,0.102,Floor
PT_0210,3.840,6.542,0.102,Floor
PT_0211,3.840,6.871,0.102,Floor
PT_0212,3.840,7.199,0.102,Floor
PT_0213,3.840,7.527,0.102,Floor
PT_0214,3.840,7.856,0.102,Floor
PT_0215,3.840,8.184,0.102,Floor
PT_0216,3.840,8.512,0.102,Floor
PT_0217,3.840,8.841,0.102,Floor
PT_0218,3.840,9.169,0.102,Floor
PT_0219,3.840,9.497,0.102,Floor
PT_0220,3.840,9.825,0.102,Floor
PT_0221,3.840,10.154,0.102,Floor
PT_0222,4.164,0.304,0.102,Floor
PT_0223,4.164,0.633,0.102,Floor
PT_0224,4.164,0.961,0.102,Floor
PT_0225,4.164,1.289,0.102,Floor
PT_0226,4.164,1.618,0.102,Floor
PT_0227,4.164,1.946,0.102,Floor
PT_0228,4.164,2.274,0.102,Floor
PT_0229,4.164,2.603,0.102,Floor
PT_0230,4.164,2.931,0.102,Floor
PT_0231,4.164,3.259,0.102,Floor
PT_0232,4.164,3.588,0.102,Floor
PT_0233,4.164,3.916,0.102,Floor
PT_0234,4.164,4.244,0.102,Floor
PT_0235,4.164,4.572,0.102,Floor
PT_0236,4.164,4.901,0.102,Floor
PT_0237,4.164,5.229,0.102,Floor
PT_0238,4.164,5.557,0.102,Floor
PT_0239,4.164,5.886,0.102,Floor
PT_0240,4.164,6.214,0.102,Floor
PT_0241,4.164,6.542,0.102,Floor
PT_0242,4.164,6.871,0.102,Floor
PT_0243,4.164,7.199,0.102,Floor
PT_0244,4.164,7.527,0.102,Floor
PT_0245,4.164,7.856,0.102,Floor
PT_0246,4.164,8.184,0.102,Floor
PT_0247,4.164,8.512,0.102,Floor
PT_0248,4.164,8.841,0.102,Floor
PT_0249,4.164,9.169,0.102,Floor
PT_0250,4.164,9.497,0.102,Floor
PT_0251,4.164,9.825,0.102,Floor
PT_0252,4.164,10.154,0.102,Floor
PT_0253,4.487,0.304,0.102,Floor
PT_0254,4.487,0.633,0.102,Floor
PT_0255,4.487,0.961,0.102,Floor
PT_0256,4.487,1.289,0.102,Floor
PT_0257,4.487,1.618,0.102,Floor
PT_0258,4.487,1.946,0.102,Floor
PT_0259,4.487,2.274,0.102,Floor
PT_0260,4.487,2.603,0.102,Floor
PT_0261,4.487,2.931,0.102,Floor
PT_0262,4.487,3.259,0.102,Floor
PT_0263,4.487,3.588,0.102,Floor
PT_0264,4.487,3.916,0.102,Floor
PT_0265,4.487,4.244,0.102,Floor
PT_0266,4.487,4.572,0.102,Floor
PT_0267,4.487,4.901,0.102,Floor
PT_0268,4.487,5.229,0.102,Floor
PT_0269,4.487,5.557,0.102,Floor
PT_0270,4.487,5.886,0.102,Floor
PT_0271,4.487,6.214,0.102,Floor
PT_0272,4.487,6.542,0.102,Floor
PT_0273,4.487,6.871,0.102,Floor
PT_0274,4.487,7.199,0.102,Floor
PT_0275,4.487,7.527,0.102,Floor
PT_0276,4.487,7.856,0.102,Floor
PT_0277,4.487,8.184,0.102,Floor
PT_0278,4.487,8.512,0.102,Floor
PT_0279,4.487,8.841,0.102,Floor
PT_0280,4.487,9.169,0.102,Floor
PT_0281,4.487,9.497,0.102,Floor
PT_0282,4.487,9.825,0.102,Floor
PT_0283,4.487,10.154,0.102,Floor
PT_0284,4.811,0.304,0.102,Floor
PT_0285,4.811,0.633,0.102,Floor
PT_0286,4.811,0.961,0.102,Floor
PT_0287,4.811,1.289,0.102,Floor
PT_0288,4.811,1.618,0.102,Floor
PT_0289,4.811,1.946,0.102,Floor
PT_0290,4.811,2.274,0.102,Floor
PT_0291,4.811,2.603,0.102,Floor
PT_0292,4.811,2.931,0.102,Floor
PT_0293,4.811,3.259,0.102,Floor
PT_0294,4.811,3.588,0.102,Floor
PT_0295,4.811,3.916,0.102,Floor
PT_0296,4.811,4.244,0.102,Floor
PT_0297,4.811,4.572,0.102,Floor
PT_0298,4.811,4.901,0.102,Floor
PT_0299,4.811,5.229,0.102,Floor
PT_0300,4.811,5.557,0.102,Floor
PT_0301,4.811,5.886,0.102,Floor
PT_0302,4.811,6.214,0.102,Floor
PT_0303,4.811,6.542,0.102,Floor
PT_0304,4.811,6.871,0.102,Floor
PT_0305,4.811,7.199,0.102,Floor
PT_0306,4.811,7.527,0.102,Floor
PT_0307,4.811,7.856,0.102,Floor
PT_0308,4.811,8.184,0.102,Floor
PT_0309,4.811,8.512,0.102,Floor
PT_0310,4.811,8.841,0.102,Floor
PT_0311,4.811,9.169,0.102,Floor
PT_0312,4.811,9.497,0.102,Floor
PT_0313,4.811,9.825,0.102,Floor
PT_0314,4.811,10.154,0.102,Floor
PT_0315,0.929,0.140,0.258,Wall-South
PT_0316,0.929,0.140,0.570,Wall-South
PT_0317,0.929,0.140,0.883,Wall-South
PT_0318,0.929,0.140,1.195,Wall-South
PT_0319,0.929,0.140,1.508,Wall-South
PT_0320,0.929,0.140,1.820,Wall-South
PT_0321,0.929,0.140,2.133,Wall-South
PT_0322,0.929,0.140,2.446,Wall-South
PT_0323,0.929,0.140,2.758,Wall-South
PT_0324,1.252,0.140,0.258,Wall-South
PT_0325,1.252,0.140,0.570,Wall-South
PT_0326,1.252,0.140,0.883,Wall-South
PT_0327,1.252,0.140,1.195,Wall-South
PT_0328,1.252,0.140,1.508,Wall-South
PT_0329,1.252,0.140,1.820,Wall-South
PT_0330,1.252,0.140,2.133,Wall-South
PT_0331,1.252,0.140,2.446,Wall-South
PT_0332,1.252,0.140,2.758,Wall-South
PT_0333,1.576,0.140,0.258,Wall-South
PT_0334,1.576,0.140,0.570,Wall-South
PT_0335,1.576,0.140,0.883,Wall-South
PT_0336,1.576,0.140,1.195,Blackboard
PT_0337,1.576,0.140,1.508,Blackboard
PT_0338,1.576,0.140,1.820,Blackboard
PT_0339,1.576,0.140,2.133,Blackboard
PT_0340,1.576,0.140,2.446,Blackboard
PT_0341,1.576,0.140,2.758,Wall-South
PT_0342,1.899,0.140,0.258,Wall-South
PT_0343,1.899,0.140,0.570,Wall-South
PT_0344,1.899,0.140,0.883,Wall-South
PT_0345,1.899,0.140,1.195,Blackboard
PT_0346,1.899,0.140,1.508,Blackboard
PT_0347,1.899,0.140,1.820,Blackboard
PT_0348,1.899,0.140,2.133,Blackboard
PT_0349,1.899,0.140,2.446,Blackboard
PT_0350,1.899,0.140,2.758,Wall-South
PT_0351,2.223,0.140,0.258,Wall-South
PT_0352,2.223,0.140,0.570,Wall-South
PT_0353,2.223,0.140,0.883,Wall-South
PT_0354,2.223,0.140,1.195,Blackboard
PT_0355,2.223,0.140,1.508,Blackboard
PT_0356,2.223,0.140,1.820,Blackboard
PT_0357,2.223,0.140,2.133,Blackboard
PT_0358,2.223,0.140,2.446,Blackboard
PT_0359,2.223,0.140,2.758,Wall-South
PT_0360,2.546,0.140,0.258,Wall-South
PT_0361,2.546,0.140,0.570,Wall-South
PT_0362,2.546,0.140,0.883,Wall-South
PT_0363,2.546,0.140,1.195,Blackboard
PT_0364,2.546,0.140,1.508,Blackboard
PT_0365,2.546,0.140,1.820,Blackboard
PT_0366,2.546,0.140,2.133,Blackboard
PT_0367,2.546,0.140,2.446,Blackboard
PT_0368,2.546,0.140,2.758,Wall-South
PT_0369,2.870,0.140,0.258,Wall-South
PT_0370,2.870,0.140,0.570,Wall-South
PT_0371,2.870,0.140,0.883,Wall-South
PT_0372,2.870,0.140,1.195,Blackboard
PT_0373,2.870,0.140,1.508,Blackboard
PT_0374,2.870,0.140,1.820,Blackboard
PT_0375,2.870,0.140,2.133,Blackboard
PT_0376,2.870,0.140,2.446,Blackboard
PT_0377,2.870,0.140,2.758,Wall-South
PT_0378,3.193,0.140,0.258,Wall-South
PT_0379,3.193,0.140,0.570,Wall-South
PT_0380,3.193,0.140,0.883,Wall-South
PT_0381,3.193,0.140,1.195,Blackboard
PT_0382,3.193,0.140,1.508,Blackboard
PT_0383,3.193,0.140,1.820,Blackboard
PT_0384,3.193,0.140,2.133,Blackboard
PT_0385,3.193,0.140,2.446,Blackboard
PT_0386,3.193,0.140,2.758,Wall-South
PT_0387,3.517,0.140,0.258,Wall-South
PT_0388,3.517,0.140,0.570,Wall-South
PT_0389,3.517,0.140,0.883,Wall-South
PT_0390,3.517,0.140,1.195,Blackboard
PT_0391,3.517,0.140,1.508,Blackboard
PT_0392,3.517,0.140,1.820,Blackboard
PT_0393,3.517,0.140,2.133,Blackboard
PT_0394,3.517,0.140,2.446,Blackboard
PT_0395,3.517,0.140,2.758,Wall-South
PT_0396,3.840,0.140,0.258,Wall-South
PT_0397,3.840,0.140,0.570,Wall-South
PT_0398,3.840,0.140,0.883,Wall-South
PT_0399,3.840,0.140,1.195,Blackboard
PT_0400,3.840,0.140,1.508,Blackboard
PT_0401,3.840,0.140,1.820,Blackboard
PT_0402,3.840,0.140,2.133,Blackboard
PT_0403,3.840,0.140,2.446,Blackboard
PT_0404,3.840,0.140,2.758,Wall-South
PT_0405,4.164,0.140,0.258,Wall-South
PT_0406,4.164,0.140,0.570,Wall-South
PT_0407,4.164,0.140,0.883,Wall-South
PT_0408,4.164,0.140,1.195,Blackboard
PT_0409,4.164,0.140,1.508,Blackboard
PT_0410,4.164,0.140,1.820,Blackboard
PT_0411,4.164,0.140,2.133,Blackboard
PT_0412,4.164,0.140,2.446,Blackboard
PT_0413,4.164,0.140,2.758,Wall-South
PT_0414,4.487,0.140,0.258,Wall-South
PT_0415,4.487,0.140,0.570,Wall-South
PT_0416,4.487,0.140,0.883,Wall-South
PT_0417,4.487,0.140,1.195,Blackboard
PT_0418,4.487,0.140,1.508,Blackboard
PT_0419,4.487,0.140,1.820,Blackboard
PT_0420,4.487,0.140,2.133,Blackboard
PT_0421,4.487,0.140,2.446,Blackboard
PT_0422,4.487,0.140,2.758,Wall-South
PT_0423,4.811,0.140,0.258,Wall-South
PT_0424,4.811,0.140,0.570,Wall-South
PT_0425,4.811,0.140,0.883,Wall-South
PT_0426,4.811,0.140,1.195,Wall-South
PT_0427,4.811,0.140,1.508,Wall-South
PT_0428,4.811,0.140,1.820,Wall-South
PT_0429,4.811,0.140,2.133,Wall-South
PT_0430,4.811,0.140,2.446,Wall-South
PT_0431,4.811,0.140,2.758,Wall-South
PT_0432,4.972,0.304,0.258,Wall-East
PT_0433,4.972,0.304,0.570,Wall-East
PT_0434,4.972,0.304,0.883,Wall-East
PT_0435,4.972,0.304,1.195,Wall-East
PT_0436,4.972,0.304,1.508,Wall-East
PT_0437,4.972,0.304,1.820,Wall-East
PT_0438,4.972,0.304,2.133,Wall-East
PT_0439,4.972,0.304,2.446,Wall-East
PT_0440,4.972,0.304,2.758,Wall-East
PT_0441,4.972,0.633,0.258,Floor
PT_0442,4.972,0.633,0.570,Wall-East
PT_0443,4.972,0.633,0.883,Wall-East
PT_0444,4.972,0.633,1.195,Wall-East
PT_0445,4.972,0.633,1.508,Wall-East
PT_0446,4.972,0.633,1.820,Wall-East
PT_0447,4.972,0.633,2.133,Wall-East
PT_0448,4.972,0.633,2.446,Wall-East
PT_0449,4.972,0.633,2.758,Wall-East
PT_0450,4.972,0.961,0.258,Floor
PT_0451,4.972,0.961,0.570,Floor
PT_0452,4.972,0.961,0.883,Wall-East
PT_0453,4.972,0.961,1.195,Wall-East
PT_0454,4.972,0.961,1.508,Wall-East
PT_0455,4.972,0.961,1.820,Wall-East
PT_0456,4.972,0.961,2.133,Wall-East
PT_0457,4.972,0.961,2.446,Wall-East
PT_0458,4.972,0.961,2.758,Wall-East
PT_0459,4.972,1.289,0.258,Floor
PT_0460,4.972,1.289,0.570,Floor
PT_0461,4.972,1.289,0.883,Wall-East
PT_0462,4.972,1.289,1.195,Wall-East
PT_0463,4.972,1.289,1.508,Wall-East
PT_0464,4.972,1.289,1.820,Wall-East
PT_0465,4.972,1.289,2.133,Wall-East
PT_0466,4.972,1.289,2.446,Wall-East
PT_0467,4.972,1.289,2.758,Wall-East
PT_0468,4.972,1.618,0.258,Floor
PT_0469,4.972,1.618,0.570,Floor
PT_0470,4.972,1.618,0.883,Wall-East
PT_0471,4.972,1.618,1.195,Wall-East
PT_0472,4.972,1.618,1.508,Wall-East
PT_0473,4.972,1.618,1.820,Wall-East
PT_0474,4.972,1.618,2.133,Wall-East
PT_0475,4.972,1.618,2.446,Wall-East
PT_0476,4.972,1.618,2.758,Wall-East
PT_0477,4.972,1.946,0.258,Floor
PT_0478,4.972,1.946,0.570,Floor
PT_0479,4.972,1.946,0.883,Wall-East
PT_0480,4.972,1.946,1.195,Wall-East
PT_0481,4.972,1.946,1.508,Wall-East
PT_0482,4.972,1.946,1.820,Wall-East
PT_0483,4.972,1.946,2.133,Wall-East
PT_0484,4.972,1.946,2.446,Wall-East
PT_0485,4.972,1.946,2.758,Wall-East
PT_0486,4.972,2.274,0.258,Floor
PT_0487,4.972,2.274,0.570,Floor
PT_0488,4.972,2.274,0.883,Wall-East
PT_0489,4.972,2.274,1.195,Wall-East
PT_0490,4.972,2.274,1.508,Wall-East
PT_0491,4.972,2.274,1.820,Wall-East
PT_0492,4.972,2.274,2.133,Wall-East
PT_0493,4.972,2.274,2.446,Wall-East
PT_0494,4.972,2.274,2.758,Wall-East
PT_0495,4.972,2.603,0.258,Floor
PT_0496,4.972,2.603,0.570,Floor
PT_0497,4.972,2.603,0.883,Wall-East
PT_0498,4.972,2.603,1.195,Wall-East
PT_0499,4.972,2.603,1.508,Wall-East
PT_0500,4.972,2.603,1.820,Wall-East
PT_0501,4.972,2.603,2.133,Wall-East
PT_0502,4.972,2.603,2.446,Wall-East
PT_0503,4.972,2.603,2.758,Wall-East
PT_0504,4.972,2.931,0.258,Floor
PT_0505,4.972,2.931,0.570,Floor
PT_0506,4.972,2.931,0.883,Wall-East
PT_0507,4.972,2.931,1.195,Wall-East
PT_0508,4.972,2.931,1.508,Wall-East
PT_0509,4.972,2.931,1.820,Wall-East
PT_0510,4.972,2.931,2.133,Wall-East
PT_0511,4.972,2.931,2.446,Wall-East
PT_0512,4.972,2.931,2.758,Wall-East
PT_0513,4.972,3.259,0.258,Floor
PT_0514,4.972,3.259,0.570,Wall-East
PT_0515,4.972,3.259,0.883,Wall-East
PT_0516,4.972,3.259,1.195,Wall-East
PT_0517,4.972,3.259,1.508,Wall-East
PT_0518,4.972,3.259,1.820,Wall-East
PT_0519,4.972,3.259,2.133,Wall-East
PT_0520,4.972,3.259,2.446,Wall-East
PT_0521,4.972,3.259,2.758,Wall-East
PT_0522,4.972,3.588,0.258,Wall-East
PT_0523,4.972,3.588,0.570,Wall-East
PT_0524,4.972,3.588,0.883,Wall-East
PT_0525,4.972,3.588,1.195,Wall-East
PT_0526,4.972,3.588,1.508,Wall-East
PT_0527,4.972,3.588,1.820,Wall-East
PT_0528,4.972,3.588,2.133,Wall-East
PT_0529,4.972,3.588,2.446,Wall-East
PT_0530,4.972,3.588,2.758,Wall-East
PT_0531,4.972,3.916,0.258,Wall-East
PT_0532,4.972,3.916,0.570,Wall-East
PT_0533,4.972,3.916,0.883,Wall-East
PT_0534,4.972,3.916,1.195,Wall-East
PT_0535,4.972,3.916,1.508,Wall-East
PT_0536,4.972,3.916,1.820,Wall-East
PT_0537,4.972,3.916,2.133,Wall-East
PT_0538,4.972,3.916,2.446,Wall-East
PT_0539,4.972,3.916,2.758,Wall-East
PT_0540,4.972,4.244,0.258,Wall-East
PT_0541,4.972,4.244,0.570,Wall-East
PT_0542,4.972,4.244,0.883,Wall-East
PT_0543,4.972,4.244,1.195,Wall-East
PT_0544,4.972,4.244,1.508,Wall-East
PT_0545,4.972,4.244,1.820,Wall-East
PT_0546,4.972,4.244,2.133,Wall-East
PT_0547,4.972,4.244,2.446,Wall-East
PT_0548,4.972,4.244,2.758,Wall-East
PT_0549,4.972,4.572,0.258,Wall-East
PT_0550,4.972,4.572,0.570,Wall-East
PT_0551,4.972,4.572,0.883,Wall-East
PT_0552,4.972,4.572,1.195,Wall-East
PT_0553,4.972,4.572,1.508,Wall-East
PT_0554,4.972,4.572,1.820,Wall-East
PT_0555,4.972,4.572,2.133,Wall-East
PT_0556,4.972,4.572,2.446,Wall-East
PT_0557,4.972,4.572,2.758,Wall-East
PT_0558,4.972,4.901,0.258,Wall-East
PT_0559,4.972,4.901,0.570,Wall-East
PT_0560,4.972,4.901,0.883,Wall-East
PT_0561,4.972,4.901,1.195,Wall-East
PT_0562,4.972,4.901,1.508,Wall-East
PT_0563,4.972,4.901,1.820,Wall-East
PT_0564,4.972,4.901,2.133,Wall-East
PT_0565,4.972,4.901,2.446,Wall-East
PT_0566,4.972,4.901,2.758,Wall-East
PT_0567,4.972,5.229,0.258,Wall-East
PT_0568,4.972,5.229,0.570,Wall-East
PT_0569,4.972,5.229,0.883,Wall-East
PT_0570,4.972,5.229,1.195,Wall-East
PT_0571,4.972,5.229,1.508,Wall-East
PT_0572,4.972,5.229,1.820,Wall-East
PT_0573,4.972,5.229,2.133,Wall-East
PT_0574,4.972,5.229,2.446,Wall-East
PT_0575,4.972,5.229,2.758,Wall-East
PT_0576,4.972,5.557,0.258,Wall-East
PT_0577,4.972,5.557,0.570,Wall-East
PT_0578,4.972,5.557,0.883,Wall-East
PT_0579,4.972,5.557,1.195,Wall-East
PT_0580,4.972,5.557,1.508,Wall-East
PT_0581,4.972,5.557,1.820,Wall-East
PT_0582,4.972,5.557,2.133,Wall-East
PT_0583,4.972,5.557,2.446,Wall-East
PT_0584,4.972,5.557,2.758,Wall-East
PT_0585,4.972,5.886,0.258,Wall-East
PT_0586,4.972,5.886,0.570,Wall-East
PT_0587,4.972,5.886,0.883,Wall-East
PT_0588,4.972,5.886,1.195,Wall-East
PT_0589,4.972,5.886,1.508,Wall-East
PT_0590,4.972,5.886,1.820,Wall-East
PT_0591,4.972,5.886,2.133,Wall-East
PT_0592,4.972,5.886,2.446,Wall-East
PT_0593,4.972,5.886,2.758,Wall-East
PT_0594,4.972,6.214,0.258,Wall-East
PT_0595,4.972,6.214,0.570,Wall-East
PT_0596,4.972,6.214,0.883,Wall-East
PT_0597,4.972,6.214,1.195,Wall-East
PT_0598,4.972,6.214,1.508,Wall-East
PT_0599,4.972,6.214,1.820,Wall-East
PT_0600,4.972,6.214,2.133,Wall-East
PT_0601,4.972,6.214,2.446,Wall-East
PT_0602,4.972,6.214,2.758,Wall-East
PT_0603,4.972,6.542,0.258,Wall-East
PT_0604,4.972,6.542,0.570,Wall-East
PT_0605,4.972,6.542,0.883,Wall-East
PT_0606,4.972,6.542,1.195,Wall-East
PT_0607,4.972,6.542,1.508,Wall-East
PT_0608,4.972,6.542,1.820,Wall-East
PT_0609,4.972,6.542,2.133,Wall-East
PT_0610,4.972,6.542,2.446,Wall-East
PT_0611,4.972,6.542,2.758,Wall-East
PT_0612,4.972,6.871,0.258,Wall-East
PT_0613,4.972,6.871,0.570,Wall-East
PT_0614,4.972,6.871,0.883,Wall-East
PT_0615,4.972,6.871,1.195,Wall-East
PT_0616,4.972,6.871,1.508,Wall-East
PT_0617,4.972,6.871,1.820,Wall-East
PT_0618,4.972,6.871,2.133,Wall-East
PT_0619,4.972,6.871,2.446,Wall-East
PT_0620,4.972,6.871,2.758,Wall-East
PT_0621,4.972,7.199,0.258,Wall-East
PT_0622,4.972,7.199,0.570,Wall-East
PT_0623,4.972,7.199,0.883,Wall-East
PT_0624,4.972,7.199,1.195,Wall-East
PT_0625,4.972,7.199,1.508,Wall-East
PT_0626,4.972,7.199,1.820,Wall-East
PT_0627,4.972,7.199,2.133,Wall-East
PT_0628,4.972,7.199,2.446,Wall-East
PT_0629,4.972,7.199,2.758,Wall-East
PT_0630,4.972,7.527,0.258,Wall-East
PT_0631,4.972,7.527,0.570,Wall-East
PT_0632,4.972,7.527,0.883,Wall-East
PT_0633,4.972,7.527,1.195,Wall-East
PT_0634,4.972,7.527,1.508,Wall-East
PT_0635,4.972,7.527,1.820,Wall-East
PT_0636,4.972,7.527,2.133,Wall-East
PT_0637,4.972,7.527,2.446,Wall-East
PT_0638,4.972,7.527,2.758,Wall-East
PT_0639,4.972,7.856,0.258,Wall-East
PT_0640,4.972,7.856,0.570,Wall-East
PT_0641,4.972,7.856,0.883,Wall-East
PT_0642,4.972,7.856,1.195,Wall-East
PT_0643,4.972,7.856,1.508,Wall-East
PT_0644,4.972,7.856,1.820,Wall-East
PT_0645,4.972,7.856,2.133,Wall-East
PT_0646,4.972,7.856,2.446,Wall-East
PT_0647,4.972,7.856,2.758,Wall-East
PT_0648,4.972,8.184,0.258,Wall-East
PT_0649,4.972,8.184,0.570,Wall-East
PT_0650,4.972,8.184,0.883,Wall-East
PT_0651,4.972,8.184,1.195,Wall-East
PT_0652,4.972,8.184,1.508,Wall-East
PT_0653,4.972,8.184,1.820,Wall-East
PT_0654,4.972,8.184,2.133,Wall-East
PT_0655,4.972,8.184,2.446,Wall-East
PT_0656,4.972,8.184,2.758,Wall-East
PT_0657,4.972,8.512,0.258,Wall-East
PT_0658,4.972,8.512,0.570,Wall-East
PT_0659,4.972,8.512,0.883,Wall-East
PT_0660,4.972,8.512,1.195,Wall-East
PT_0661,4.972,8.512,1.508,Wall-East
PT_0662,4.972,8.512,1.820,Wall-East
PT_0663,4.972,8.512,2.133,Wall-East
PT_0664,4.972,8.512,2.446,Wall-East
PT_0665,4.972,8.512,2.758,Wall-East
PT_0666,4.972,8.841,0.258,Wall-East
PT_0667,4.972,8.841,0.570,Wall-East
PT_0668,4.972,8.841,0.883,Wall-East
PT_0669,4.972,8.841,1.195,Wall-East
PT_0670,4.972,8.841,1.508,Wall-East
PT_0671,4.972,8.841,1.820,Wall-East
PT_0672,4.972,8.841,2.133,Wall-East
PT_0673,4.972,8.841,2.446,Wall-East
PT_0674,4.972,8.841,2.758,Wall-East
PT_0675,4.972,9.169,0.258,Wall-East
PT_0676,4.972,9.169,0.570,Wall-East
PT_0677,4.972,9.169,0.883,Wall-East
PT_0678,4.972,9.169,1.195,Wall-East
PT_0679,4.972,9.169,1.508,Wall-East
PT_0680,4.972,9.169,1.820,Wall-East
PT_0681,4.972,9.169,2.133,Wall-East
PT_0682,4.972,9.169,2.446,Wall-East
PT_0683,4.972,9.169,2.758,Wall-East
PT_0684,4.972,9.497,0.258,Wall-East
PT_0685,4.972,9.497,0.570,Wall-East
PT_0686,4.972,9.497,0.883,Wall-East
PT_0687,4.972,9.497,1.195,Wall-East
PT_0688,4.972,9.497,1.508,Wall-East
PT_0689,4.972,9.497,1.820,Wall-East
PT_0690,4.972,9.497,2.133,Wall-East
PT_0691,4.972,9.497,2.446,Wall-East
PT_0692,4.972,9.497,2.758,Wall-East
PT_0693,4.972,9.825,0.258,Wall-East
PT_0694,4.972,9.825,0.570,Wall-East
PT_0695,4.972,9.825,0.883,Wall-East
PT_0696,4.972,9.825,1.195,Wall-East
PT_0697,4.972,9.825,1.508,Wall-East
PT_0698,4.972,9.825,1.820,Wall-East
PT_0699,4.972,9.825,2.133,Wall-East
PT_0700,4.972,9.825,2.446,Wall-East
PT_0701,4.972,9.825,2.758,Wall-East
PT_0702,4.972,10.154,0.258,Wall-North
PT_0703,4.972,10.154,0.570,Wall-North
PT_0704,4.972,10.154,0.883,Wall-North
PT_0705,4.972,10.154,1.195,Wall-North
PT_0706,4.972,10.154,1.508,Wall-North
PT_0707,4.972,10.154,1.820,Wall-North
PT_0708,4.972,10.154,2.133,Wall-North
PT_0709,4.972,10.154,2.446,Wall-North
PT_0710,4.972,10.154,2.758,Wall-North
PT_0711,4.811,10.318,0.258,Wall-North
PT_0712,4.811,10.318,0.570,Wall-North
PT_0713,4.811,10.318,0.883,Wall-North
PT_0714,4.811,10.318,1.195,Wall-North
PT_0715,4.811,10.318,1.508,Wall-North
PT_0716,4.811,10.318,1.820,Wall-North
PT_0717,4.811,10.318,2.133,Wall-North
PT_0718,4.811,10.318,2.446,Wall-North
PT_0719,4.811,10.318,2.758,Wall-North
PT_0720,4.487,10.318,0.258,Wall-North
PT_0721,4.487,10.318,0.570,Wall-North
PT_0722,4.487,10.318,0.883,Wall-North
PT_0723,4.487,10.318,1.195,Wall-North
PT_0724,4.487,10.318,1.508,Wall-North
PT_0725,4.487,10.318,1.820,Wall-North
PT_0726,4.487,10.318,2.133,Wall-North
PT_0727,4.487,10.318,2.446,Wall-North
PT_0728,4.487,10.318,2.758,Wall-North
PT_0729,4.164,10.318,0.258,Floor
PT_0730,4.164,10.318,0.570,Wall-North
PT_0731,4.164,10.318,0.883,Wall-North
PT_0732,4.164,10.318,1.195,Wall-North
PT_0733,4.164,10.318,1.508,Wall-North
PT_0734,4.164,10.318,1.820,Wall-North
PT_0735,4.164,10.318,2.133,Wall-North
PT_0736,4.164,10.318,2.446,Wall-North
PT_0737,4.164,10.318,2.758,Wall-North
PT_0738,3.840,10.318,0.258,Floor
PT_0739,3.840,10.318,0.570,Wall-North
PT_0740,3.840,10.318,0.883,Wall-North
PT_0741,3.840,10.318,1.195,Wall-North
PT_0742,3.840,10.318,1.508,Wall-North
PT_0743,3.840,10.318,1.820,Wall-North
PT_0744,3.840,10.318,2.133,Wall-North
PT_0745,3.840,10.318,2.446,Wall-North
PT_0746,3.840,10.318,2.758,Wall-North
PT_0747,3.517,10.318,0.258,Floor
PT_0748,3.517,10.318,0.570,Wall-North
PT_0749,3.517,10.318,0.883,Wall-North
PT_0750,3.517,10.318,1.195,Wall-North
PT_0751,3.517,10.318,1.508,Wall-North
PT_0752,3.517,10.318,1.820,Wall-North
PT_0753,3.517,10.318,2.133,Wall-North
PT_0754,3.517,10.318,2.446,Wall-North
PT_0755,3.517,10.318,2.758,Wall-North
PT_0756,3.193,10.318,0.258,Floor
PT_0757,3.193,10.318,0.570,Wall-North
PT_0758,3.193,10.318,0.883,Wall-North
PT_0759,3.193,10.318,1.195,Wall-North
PT_0760,3.193,10.318,1.508,Wall-North
PT_0761,3.193,10.318,1.820,Wall-North
PT_0762,3.193,10.318,2.133,Wall-North
PT_0763,3.193,10.318,2.446,Wall-North
PT_0764,3.193,10.318,2.758,Wall-North
PT_0765,2.870,10.318,0.258,Floor
PT_0766,2.870,10.318,0.570,Wall-North
PT_0767,2.870,10.318,0.883,Wall-North
PT_0768,2.870,10.318,1.195,Wall-North
PT_0769,2.870,10.318,1.508,Wall-North
PT_0770,2.870,10.318,1.820,Wall-North
PT_0771,2.870,10.318,2.133,Wall-North
PT_0772,2.870,10.318,2.446,Wall-North
PT_0773,2.870,10.318,2.758,Wall-North
PT_0774,2.546,10.318,0.258,Floor
PT_0775,2.546,10.318,0.570,Wall-North
PT_0776,2.546,10.318,0.883,Wall-North
PT_0777,2.546,10.318,1.195,Wall-North
PT_0778,2.546,10.318,1.508,Wall-North
PT_0779,2.546,10.318,1.820,Wall-North
PT_0780,2.546,10.318,2.133,Wall-North
PT_0781,2.546,10.318,2.446,Wall-North
PT_0782,2.546,10.318,2.758,Wall-North
PT_0783,2.223,10.318,0.258,Floor
PT_0784,2.223,10.318,0.570,Wall-North
PT_0785,2.223,10.318,0.883,Wall-North
PT_0786,2.223,10.318,1.195,Wall-North
PT_0787,2.223,10.318,1.508,Wall-North
PT_0788,2.223,10.318,1.820,Wall-North
PT_0789,2.223,10.318,2.133,Wall-North
PT_0790,2.223,10.318,2.446,Wall-North
PT_0791,2.223,10.318,2.758,Wall-North
PT_0792,1.899,10.318,0.258,Floor
PT_0793,1.899,10.318,0.570,Wall-North
PT_0794,1.899,10.318,0.883,Wall-North
PT_0795,1.899,10.318,1.195,Wall-North
PT_0796,1.899,10.318,1.508,Wall-North
PT_0797,1.899,10.318,1.820,Wall-North
PT_0798,1.899,10.318,2.133,Wall-North
PT_0799,1.899,10.318,2.446,Wall-North
PT_0800,1.899,10.318,2.758,Wall-North
PT_0801,1.576,10.318,0.258,Floor
PT_0802,1.576,10.318,0.570,Wall-North
PT_0803,1.576,10.318,0.883,Wall-North
PT_0804,1.576,10.318,1.195,Wall-North
PT_0805,1.576,10.318,1.508,Wall-North
PT_0806,1.576,10.318,1.820,Wall-North
PT_0807,1.576,10.318,2.133,Wall-North
PT_0808,1.576,10.318,2.446,Wall-North
PT_0809,1.576,10.318,2.758,Wall-North
PT_0810,1.252,10.318,0.258,Wall-North
PT_0811,1.252,10.318,0.570,Wall-North
PT_0812,1.252,10.318,0.883,Wall-North
PT_0813,1.252,10.318,1.195,Wall-North
PT_0814,1.252,10.318,1.508,Wall-North
PT_0815,1.252,10.318,1.820,Wall-North
PT_0816,1.252,10.318,2.133,Wall-North
PT_0817,1.252,10.318,2.446,Wall-North
PT_0818,1.252,10.318,2.758,Wall-North
PT_0819,0.929,10.318,0.258,Wall-North
PT_0820,0.929,10.318,0.570,Wall-North
PT_0821,0.929,10.318,0.883,Wall-North
PT_0822,0.929,10.318,1.195,Wall-North
PT_0823,0.929,10.318,1.508,Wall-North
PT_0824,0.929,10.318,1.820,Wall-North
PT_0825,0.929,10.318,2.133,Wall-North
PT_0826,0.929,10.318,2.446,Wall-North
PT_0827,0.929,10.318,2.758,Wall-North
PT_0828,0.767,10.154,0.258,Wall-North
PT_0829,0.767,10.154,0.570,Wall-North
PT_0830,0.767,10.154,0.883,Wall-North
PT_0831,0.767,10.154,1.195,Wall-North
PT_0832,0.767,10.154,1.508,Wall-North
PT_0833,0.767,10.154,1.820,Wall-North
PT_0834,0.767,10.154,2.133,Wall-North
PT_0835,0.767,10.154,2.446,Wall-North
PT_0836,0.767,10.154,2.758,Wall-North
PT_0837,0.767,9.825,0.258,Floor
PT_0838,0.767,9.825,0.570,Wall-West
PT_0839,0.767,9.825,0.883,Wall-West
PT_0840,0.767,9.825,1.195,Wall-West
PT_0841,0.767,9.825,1.508,Wall-West
PT_0842,0.767,9.825,1.820,Wall-West
PT_0843,0.767,9.825,2.133,Wall-West
PT_0844,0.767,9.825,2.446,Wall-West
PT_0845,0.767,9.825,2.758,Wall-West
PT_0846,0.767,9.497,0.258,Floor
PT_0847,0.767,9.497,0.570,Wall-West
PT_0848,0.767,9.497,0.883,Wall-West
PT_0849,0.767,9.497,1.195,Wall-West
PT_0850,0.767,9.497,1.508,Wall-West
PT_0851,0.767,9.497,1.820,Wall-West
PT_0852,0.767,9.497,2.133,Wall-West
PT_0853,0.767,9.497,2.446,Wall-West
PT_0854,0.767,9.497,2.758,Wall-West
PT_0855,0.767,9.169,0.258,Floor
PT_0856,0.767,9.169,0.570,Wall-West
PT_0857,0.767,9.169,0.883,Wall-West
PT_0858,0.767,9.169,1.195,Wall-West
PT_0859,0.767,9.169,1.508,Wall-West
PT_0860,0.767,9.169,1.820,Wall-West
PT_0861,0.767,9.169,2.133,Wall-West
PT_0862,0.767,9.169,2.446,Wall-West
PT_0863,0.767,9.169,2.758,Wall-West
PT_0864,0.767,8.841,0.258,Floor
PT_0865,0.767,8.841,0.570,Wall-West
PT_0866,0.767,8.841,0.883,Wall-West
PT_0867,0.767,8.841,1.195,Wall-West
PT_0868,0.767,8.841,1.508,Wall-West
PT_0869,0.767,8.841,1.820,Wall-West
PT_0870,0.767,8.841,2.133,Wall-West
PT_0871,0.767,8.841,2.446,Wall-West
PT_0872,0.767,8.841,2.758,Wall-West
PT_0873,0.767,8.512,0.258,Floor
PT_0874,0.767,8.512,0.570,Wall-West
PT_0875,0.767,8.512,0.883,Wall-West
PT_0876,0.767,8.512,1.195,Wall-West
PT_0877,0.767,8.512,1.508,Wall-West
PT_0878,0.767,8.512,1.820,Wall-West
PT_0879,0.767,8.512,2.133,Wall-West
PT_0880,0.767,8.512,2.446,Wall-West
PT_0881,0.767,8.512,2.758,Wall-West
PT_0882,0.767,8.184,0.258,Floor
PT_0883,0.767,8.184,0.570,Wall-West
PT_0884,0.767,8.184,0.883,Wall-West
PT_0885,0.767,8.184,1.195,Wall-West
PT_0886,0.767,8.184,1.508,Wall-West
PT_0887,0.767,8.184,1.820,Wall-West
PT_0888,0.767,8.184,2.133,Wall-West
PT_0889,0.767,8.184,2.446,Wall-West
PT_0890,0.767,8.184,2.758,Wall-West
PT_0891,0.767,7.856,0.258,Floor
PT_0892,0.767,7.856,0.570,Wall-West
PT_0893,0.767,7.856,0.883,Wall-West
PT_0894,0.767,7.856,1.195,Wall-West
PT_0895,0.767,7.856,1.508,Wall-West
PT_0896,0.767,7.856,1.820,Wall-West
PT_0897,0.767,7.856,2.133,Wall-West
PT_0898,0.767,7.856,2.446,Wall-West
PT_0899,0.767,7.856,2.758,Wall-West
PT_0900,0.767,7.527,0.258,Floor
PT_0901,0.767,7.527,0.570,Wall-West
PT_0902,0.767,7.527,0.883,Wall-West
PT_0903,0.767,7.527,1.195,Wall-West
PT_0904,0.767,7.527,1.508,Wall-West
PT_0905,0.767,7.527,1.820,Wall-West
PT_0906,0.767,7.527,2.133,Wall-West
PT_0907,0.767,7.527,2.446,Wall-West
PT_0908,0.767,7.527,2.758,Wall-West
PT_0909,0.767,7.199,0.258,Floor
PT_0910,0.767,7.199,0.570,Wall-West
PT_0911,0.767,7.199,0.883,Wall-West
PT_0912,0.767,7.199,1.195,Wall-West
PT_0913,0.767,7.199,1.508,Wall-West
PT_0914,0.767,7.199,1.820,Wall-West
PT_0915,0.767,7.199,2.133,Wall-West
PT_0916,0.767,7.199,2.446,Wall-West
PT_0917,0.767,7.199,2.758,Wall-West
PT_0918,0.767,6.871,0.258,Floor
PT_0919,0.767,6.871,0.570,Wall-West
PT_0920,0.767,6.871,0.883,Wall-West
PT_0921,0.767,6.871,1.195,Wall-West
PT_0922,0.767,6.871,1.508,Wall-West
PT_0923,0.767,6.871,1.820,Wall-West
PT_0924,0.767,6.871,2.133,Wall-West
PT_0925,0.767,6.871,2.446,Wall-West
PT_0926,0.767,6.871,2.758,Wall-West
PT_0927,0.767,6.542,0.258,Floor
PT_0928,0.767,6.542,0.570,Wall-West
PT_0929,0.767,6.542,0.883,Wall-West
PT_0930,0.767,6.542,1.195,Wall-West
PT_0931,0.767,6.542,1.508,Wall-West
PT_0932,0.767,6.542,1.820,Wall-West
PT_0933,0.767,6.542,2.133,Wall-West
PT_0934,0.767,6.542,2.446,Wall-West
PT_0935,0.767,6.542,2.758,Wall-West
PT_0936,0.767,6.214,0.258,Wall-West
PT_0937,0.767,6.214,0.570,Wall-West
PT_0938,0.767,6.214,0.883,Wall-West
PT_0939,0.767,6.214,1.195,Wall-West
PT_0940,0.767,6.214,1.508,Wall-West
PT_0941,0.767,6.214,1.820,Wall-West
PT_0942,0.767,6.214,2.133,Wall-West
PT_0943,0.767,6.214,2.446,Wall-West
PT_0944,0.767,6.214,2.758,Wall-West
PT_0945,0.767,5.886,0.258,Wall-West
PT_0946,0.767,5.886,0.570,Wall-West
PT_0947,0.767,5.886,0.883,Wall-West
PT_0948,0.767,5.886,1.195,Wall-West
PT_0949,0.767,5.886,1.508,Wall-West
PT_0950,0.767,5.886,1.820,Wall-West
PT_0951,0.767,5.886,2.133,Wall-West
PT_0952,0.767,5.886,2.446,Wall-West
PT_0953,0.767,5.886,2.758,Wall-West
PT_0954,0.767,5.557,0.258,Wall-West
PT_0955,0.767,5.557,0.570,Wall-West
PT_0956,0.767,5.557,0.883,Wall-West
PT_0957,0.767,5.557,1.195,Wall-West
PT_0958,0.767,5.557,1.508,Wall-West
PT_0959,0.767,5.557,1.820,Wall-West
PT_0960,0.767,5.557,2.133,Wall-West
PT_0961,0.767,5.557,2.446,Wall-West
PT_0962,0.767,5.557,2.758,Wall-West
PT_0963,0.767,5.229,0.258,Wall-West
PT_0964,0.767,5.229,0.570,Wall-West
PT_0965,0.767,5.229,0.883,Wall-West
PT_0966,0.767,5.229,1.195,Wall-West
PT_0967,0.767,5.229,1.508,Wall-West
PT_0968,0.767,5.229,1.820,Wall-West
PT_0969,0.767,5.229,2.133,Wall-West
PT_0970,0.767,5.229,2.446,Wall-West
PT_0971,0.767,5.229,2.758,Wall-West
PT_0972,0.767,4.901,0.258,Floor
PT_0973,0.767,4.901,0.570,Wall-West
PT_0974,0.767,4.901,0.883,Wall-West
PT_0975,0.767,4.901,1.195,Wall-West
PT_0976,0.767,4.901,1.508,Wall-West
PT_0977,0.767,4.901,1.820,Wall-West
PT_0978,0.767,4.901,2.133,Wall-West
PT_0979,0.767,4.901,2.446,Wall-West
PT_0980,0.767,4.901,2.758,Wall-West
PT_0981,0.767,4.572,0.258,Floor
PT_0982,0.767,4.572,0.570,Wall-West
PT_0983,0.767,4.572,0.883,Wall-West
PT_0984,0.767,4.572,1.195,Wall-West
PT_0985,0.767,4.572,1.508,Wall-West
PT_0986,0.767,4.572,1.820,Wall-West
PT_0987,0.767,4.572,2.133,Wall-West
PT_0988,0.767,4.572,2.446,Wall-West
PT_0989,0.767,4.572,2.758,Wall-West
PT_0990,0.767,4.244,0.258,Floor
PT_0991,0.767,4.244,0.570,Wall-West
PT_0992,0.767,4.244,0.883,Wall-West
PT_0993,0.767,4.244,1.195,Wall-West
PT_0994,0.767,4.244,1.508,Wall-West
PT_0995,0.767,4.244,1.820,Wall-West
PT_0996,0.767,4.244,2.133,Wall-West
PT_0997,0.767,4.244,2.446,Wall-West
PT_0998,0.767,4.244,2.758,Wall-West
PT_0999,0.767,3.916,0.258,Floor
PT_1000,0.767,3.916,0.570,Wall-West
PT_1001,0.767,3.916,0.883,Wall-West
PT_1002,0.767,3.916,1.195,Wall-West
PT_1003,0.767,3.916,1.508,Wall-West
PT_1004,0.767,3.916,1.820,Wall-West
PT_1005,0.767,3.916,2.133,Wall-West
PT_1006,0.767,3.916,2.446,Wall-West
PT_1007,0.767,3.916,2.758,Wall-West
PT_1008,0.767,3.588,0.258,Floor
PT_1009,0.767,3.588,0.570,Wall-West
PT_1010,0.767,3.588,0.883,Wall-West
PT_1011,0.767,3.588,1.195,Wall-West
PT_1012,0.767,3.588,1.508,Wall-West
PT_1013,0.767,3.588,1.820,Wall-West
PT_1014,0.767,3.588,2.133,Wall-West
PT_1015,0.767,3.588,2.446,Wall-West
PT_1016,0.767,3.588,2.758,Wall-West
PT_1017,0.767,3.259,0.258,Floor
PT_1018,0.767,3.259,0.570,Wall-West
PT_1019,0.767,3.259,0.883,Wall-West
PT_1020,0.767,3.259,1.195,Wall-West
PT_1021,0.767,3.259,1.508,Wall-West
PT_1022,0.767,3.259,1.820,Wall-West
PT_1023,0.767,3.259,2.133,Wall-West
PT_1024,0.767,3.259,2.446,Wall-West
PT_1025,0.767,3.259,2.758,Wall-West
PT_1026,0.767,2.931,0.258,Floor
PT_1027,0.767,2.931,0.570,Wall-West
PT_1028,0.767,2.931,0.883,Wall-West
PT_1029,0.767,2.931,1.195,Wall-West
PT_1030,0.767,2.931,1.508,Wall-West
PT_1031,0.767,2.931,1.820,Wall-West
PT_1032,0.767,2.931,2.133,Wall-West
PT_1033,0.767,2.931,2.446,Wall-West
PT_1034,0.767,2.931,2.758,Wall-West
PT_1035,0.767,2.603,0.258,Floor
PT_1036,0.767,2.603,0.570,Wall-West
PT_1037,0.767,2.603,0.883,Wall-West
PT_1038,0.767,2.603,1.195,Wall-West
PT_1039,0.767,2.603,1.508,Wall-West
PT_1040,0.767,2.603,1.820,Wall-West
PT_1041,0.767,2.603,2.133,Wall-West
PT_1042,0.767,2.603,2.446,Wall-West
PT_1043,0.767,2.603,2.758,Wall-West
PT_1044,0.767,2.274,0.258,Floor
PT_1045,0.767,2.274,0.570,Wall-West
PT_1046,0.767,2.274,0.883,Wall-West
PT_1047,0.767,2.274,1.195,Wall-West
PT_1048,0.767,2.274,1.508,Wall-West
PT_1049,0.767,2.274,1.820,Wall-West
PT_1050,0.767,2.274,2.133,Wall-West
PT_1051,0.767,2.274,2.446,Wall-West
PT_1052,0.767,2.274,2.758,Wall-West
PT_1053,0.767,1.946,0.258,Floor
PT_1054,0.767,1.946,0.570,Wall-West
PT_1055,0.767,1.946,0.883,Wall-West
PT_1056,0.767,1.946,1.195,Wall-West
PT_1057,0.767,1.946,1.508,Wall-West
PT_1058,0.767,1.946,1.820,Wall-West
PT_1059,0.767,1.946,2.133,Wall-West
PT_1060,0.767,1.946,2.446,Wall-West
PT_1061,0.767,1.946,2.758,Wall-West
PT_1062,0.767,1.618,0.258,Floor
PT_1063,0.767,1.618,0.570,Wall-West
PT_1064,0.767,1.618,0.883,Wall-West
PT_1065,0.767,1.618,1.195,Wall-West
PT_1066,0.767,1.618,1.508,Wall-West
PT_1067,0.767,1.618,1.820,Wall-West
PT_1068,0.767,1.618,2.133,Wall-West
PT_1069,0.767,1.618,2.446,Wall-West
PT_1070,0.767,1.618,2.758,Wall-West
PT_1071,0.767,1.289,0.258,Floor
PT_1072,0.767,1.289,0.570,Wall-West
PT_1073,0.767,1.289,0.883,Wall-West
PT_1074,0.767,1.289,1.195,Wall-West
PT_1075,0.767,1.289,1.508,Wall-West
PT_1076,0.767,1.289,1.820,Wall-West
PT_1077,0.767,1.289,2.133,Wall-West
PT_1078,0.767,1.289,2.446,Wall-West
PT_1079,0.767,1.289,2.758,Wall-West
PT_1080,0.767,0.961,0.258,Floor
PT_1081,0.767,0.961,0.570,Wall-West
PT_1082,0.767,0.961,0.883,Wall-West
PT_1083,0.767,0.961,1.195,Wall-West
PT_1084,0.767,0.961,1.508,Wall-West
PT_1085,0.767,0.961,1.820,Wall-West
PT_1086,0.767,0.961,2.133,Wall-West
PT_1087,0.767,0.961,2.446,Wall-West
PT_1088,0.767,0.961,2.758,Wall-West
PT_1089,0.767,0.633,0.258,Floor
PT_1090,0.767,0.633,0.570,Wall-West
PT_1091,0.767,0.633,0.883,Wall-West
PT_1092,0.767,0.633,1.195,Wall-West
PT_1093,0.767,0.633,1.508,Wall-West
PT_1094,0.767,0.633,1.820,Wall-West
PT_1095,0.767,0.633,2.133,Wall-West
PT_1096,0.767,0.633,2.446,Wall-West
PT_1097,0.767,0.633,2.758,Wall-West
PT_1098,0.767,0.304,0.258,Wall-South
PT_1099,0.767,0.304,0.570,Wall-South
PT_1100,0.767,0.304,0.883,Wall-South
PT_1101,0.767,0.304,1.195,Wall-South
PT_1102,0.767,0.304,1.508,Wall-South
PT_1103,0.767,0.304,1.820,Wall-South
PT_1104,0.767,0.304,2.133,Wall-South
PT_1105,0.767,0.304,2.446,Wall-South
PT_1106,0.767,0.304,2.758,Wall-South
PT_1107,2.381,6.712,0.752,Table
PT_1108,2.381,6.982,0.752,Table
PT_1109,2.381,7.253,0.752,Table
PT_1110,2.381,7.524,0.752,Table
PT_1111,2.381,7.795,0.752,Table
PT_1112,2.381,8.066,0.752,Table
PT_1113,2.381,8.337,0.752,Table
PT_1114,2.381,8.608,0.752,Table
PT_1115,2.381,8.879,0.752,Table
PT_1116,2.686,6.712,0.752,Table
PT_1117,2.686,6.982,0.752,Table
PT_1118,2.686,7.253,0.752,Table
PT_1119,2.686,7.524,0.752,Table
PT_1120,2.686,7.795,0.752,Table
PT_1121,2.686,8.066,0.752,Table
PT_1122,2.686,8.337,0.752,Table
PT_1123,2.686,8.608,0.752,Table
PT_1124,2.686,8.879,0.752,Table
PT_1125,2.991,6.712,0.752,Table
PT_1126,2.991,6.982,0.752,Table
PT_1127,2.991,7.253,0.752,Table
PT_1128,2.991,7.524,0.752,Table
PT_1129,2.991,7.795,0.752,Table
PT_1130,2.991,8.066,0.752,Table
PT_1131,2.991,8.337,0.752,Table
PT_1132,2.991,8.608,0.752,Table
PT_1133,2.991,8.879,0.752,Table
PT_1134,3.295,6.712,0.752,Table
PT_1135,3.295,6.982,0.752,Table
PT_1136,3.295,7.253,0.752,Table
PT_1137,3.295,7.524,0.752,Table
PT_1138,3.295,7.795,0.752,Table
PT_1139,3.295,8.066,0.752,Table
PT_1140,3.295,8.337,0.752,Table
PT_1141,3.295,8.608,0.752,Table
PT_1142,3.295,8.879,0.752,Table
PT_1143,3.295,6.441,0.752,Table
PT_1144,3.295,6.170,0.752,Table
PT_1145,3.295,5.899,0.752,Table
PT_1146,3.295,5.628,0.752,Table
PT_1147,3.295,5.357,0.752,Table
PT_1148,3.295,5.086,0.752,Table
PT_1149,3.295,4.815,0.752,Table
PT_1150,3.295,4.544,0.752,Table
PT_1151,3.295,4.273,0.752,Table
PT_1152,2.991,6.441,0.752,Table
PT_1153,2.991,6.170,0.752,Table
PT_1154,2.991,5.899,0.752,Table
PT_1155,2.991,5.628,0.752,Table
PT_1156,2.991,5.357,0.752,Table
PT_1157,2.991,5.086,0.752,Table
PT_1158,2.991,4.815,0.752,Table
PT_1159,2.991,4.544,0.752,Table
PT_1160,2.991,4.273,0.752,Table
PT_1161,2.686,6.441,0.752,Table
PT_1162,2.686,6.170,0.752,Table
PT_1163,2.686,5.899,0.752,Table
PT_1164,2.686,5.628,0.752,Table
PT_1165,2.686,5.357,0.752,Table
PT_1166,2.686,5.086,0.752,Table
PT_1167,2.686,4.815,0.752,Table
PT_1168,2.686,4.544,0.752,Table
PT_1169,2.686,4.273,0.752,Table
PT_1170,2.381,6.441,0.752,Table
PT_1171,2.381,6.170,0.752,Table
PT_1172,2.381,5.899,0.752,Table
PT_1173,2.381,5.628,0.752,Table
PT_1174,2.381,5.357,0.752,Table
PT_1175,2.381,5.086,0.752,Table
PT_1176,2.381,4.815,0.752,Table
PT_1177,2.381,4.544,0.752,Table
PT_1178,2.381,4.273,0.752,Table
PT_1179,2.381,1.835,0.752,Table
PT_1180,2.381,2.106,0.752,Table
PT_1181,2.381,2.377,0.752,Table
PT_1182,2.381,2.648,0.752,Table
PT_1183,2.381,2.918,0.752,Table
PT_1184,2.381,3.189,0.752,Table
PT_1185,2.381,3.460,0.752,Table
PT_1186,2.381,3.731,0.752,Table
PT_1187,2.381,4.002,0.752,Table
PT_1188,2.686,1.835,0.752,Table
PT_1189,2.686,2.106,0.752,Table
PT_1190,2.686,2.377,0.752,Table
PT_1191,2.686,2.648,0.752,Table
PT_1192,2.686,2.918,0.752,Table
PT_1193,2.686,3.189,0.752,Table
PT_1194,2.686,3.460,0.752,Table
PT_1195,2.686,3.731,0.752,Table
PT_1196,2.686,4.002,0.752,Table
PT_1197,2.991,1.835,0.752,Table
PT_1198,2.991,2.106,0.752,Table
PT_1199,2.991,2.377,0.752,Table
PT_1200,2.991,2.648,0.752,Table
PT_1201,2.991,2.918,0.752,Table
PT_1202,2.991,3.189,0.752,Table
PT_1203,2.991,3.460,0.752,Table
PT_1204,2.991,3.731,0.752,Table
PT_1205,2.991,4.002,0.752,Table
PT_1206,3.295,1.835,0.752,Table
PT_1207,3.295,2.106,0.752,Table
PT_1208,3.295,2.377,0.752,Table
PT_1209,3.295,2.648,0.752,Table
PT_1210,3.295,2.918,0.752,Table
PT_1211,3.295,3.189,0.752,Table
PT_1212,3.295,3.460,0.752,Table
PT_1213,3.295,3.731,0.752,Table
PT_1214,3.295,4.002,0.752,Table
